Type;Method;Job;AnalyzeLaunchVariance;EvaluateOverhead;MaxAbsoluteError;MaxRelativeError;MinInvokeCount;MinIterationTime;OutlierMode;Affinity;EnvironmentVariables;Jit;LargeAddressAware;Platform;PowerPlanMode;Runtime;AllowVeryLargeObjects;Concurrent;CpuGroups;Force;HeapAffinitizeMask;HeapCount;NoAffinitize;RetainVm;Server;Arguments;BuildConfiguration;Clock;EngineFactory;NuGetReferences;Toolchain;IsMutator;InvocationCount;IterationCount;IterationTime;LaunchCount;MaxIterationCount;MaxWarmupIterationCount;MemoryRandomization;MinIterationCount;MinWarmupIterationCount;RunStrategy;UnrollFactor;WarmupCount;BlockCount;FileSize;FileCount;Mean;Error;StdDev;Ratio;RatioSD;Gen0;Gen1;Allocated;Alloc Ratio
MultipartBenchmarks;SendMessage;DefaultJob;False;Default;Default;Default;Default;Default;Default;111111111111111111111111;Empty;RyuJit;Default;X64;8c5e7fda-e8bf-4a96-9a85-a6e23a8c635c;.NET 9.0;False;True;False;True;Default;Default;False;False;False;Default;Default;Default;Default;Default;Default;Default;Default;Default;Default;Default;Default;Default;Default;Default;Default;Default;16;Default;?;?;?;"4,227.0 ns";81.72 ns;72.44 ns;1.00;0.02;0.2060;0.0000;3232 B;1.00
SerializationBenchmarks;SerializeParameters;DefaultJob;False;Default;Default;Default;Default;Default;Default;111111111111111111111111;Empty;RyuJit;Default;X64;8c5e7fda-e8bf-4a96-9a85-a6e23a8c635c;.NET 9.0;False;True;False;True;Default;Default;False;False;False;Default;Default;Default;Default;Default;Default;Default;Default;Default;Default;Default;Default;Default;Default;Default;Default;Default;16;Default;?;?;?;566.2 ns;2.58 ns;2.29 ns;0.13;0.00;0.0162;0.0000;264 B;0.08
TransportBenchmarks;RequestAndDeserialize;DefaultJob;False;Default;Default;Default;Default;Default;Default;111111111111111111111111;Empty;RyuJit;Default;X64;8c5e7fda-e8bf-4a96-9a85-a6e23a8c635c;.NET 9.0;False;True;False;True;Default;Default;False;False;False;Default;Default;Default;Default;Default;Default;Default;Default;Default;Default;Default;Default;Default;Default;Default;Default;Default;16;Default;?;?;?;"6,098.9 ns";40.13 ns;33.51 ns;1.44;0.03;0.3357;0.0000;5272 B;1.63
MultipartBenchmarks;SendPhotoByFileId;DefaultJob;False;Default;Default;Default;Default;Default;Default;111111111111111111111111;Empty;RyuJit;Default;X64;8c5e7fda-e8bf-4a96-9a85-a6e23a8c635c;.NET 9.0;False;True;False;True;Default;Default;False;False;False;Default;Default;Default;Default;Default;Default;Default;Default;Default;Default;Default;Default;Default;Default;Default;Default;Default;16;Default;?;?;?;"4,405.2 ns";51.68 ns;48.34 ns;1.04;0.02;0.2060;0.0000;3240 B;1.00
SerializationBenchmarks;DeserializeParameters;DefaultJob;False;Default;Default;Default;Default;Default;Default;111111111111111111111111;Empty;RyuJit;Default;X64;8c5e7fda-e8bf-4a96-9a85-a6e23a8c635c;.NET 9.0;False;True;False;True;Default;Default;False;False;False;Default;Default;Default;Default;Default;Default;Default;Default;Default;Default;Default;Default;Default;Default;Default;Default;Default;16;Default;?;?;?;693.6 ns;4.45 ns;3.72 ns;0.16;0.00;0.0200;0.0000;320 B;0.10
TransportBenchmarks;RequestWithoutParametersAndDeserialize;DefaultJob;False;Default;Default;Default;Default;Default;Default;111111111111111111111111;Empty;RyuJit;Default;X64;8c5e7fda-e8bf-4a96-9a85-a6e23a8c635c;.NET 9.0;False;True;False;True;Default;Default;False;False;False;Default;Default;Default;Default;Default;Default;Default;Default;Default;Default;Default;Default;Default;Default;Default;Default;Default;16;Default;?;?;?;"3,425.5 ns";30.45 ns;28.48 ns;0.81;0.01;0.2327;0.0000;3688 B;1.14
MultipartBenchmarks;SendPhotoByLocalFile;DefaultJob;False;Default;Default;Default;Default;Default;Default;111111111111111111111111;Empty;RyuJit;Default;X64;8c5e7fda-e8bf-4a96-9a85-a6e23a8c635c;.NET 9.0;False;True;False;True;Default;Default;False;False;False;Default;Default;Default;Default;Default;Default;Default;Default;Default;Default;Default;Default;Default;Default;Default;Default;Default;16;Default;?;?;?;"226,509.6 ns";"2,127.68 ns";"1,886.13 ns";53.60;0.99;0.0000;0.0000;3768 B;1.17
SerializationBenchmarks;SerializeMessage;DefaultJob;False;Default;Default;Default;Default;Default;Default;111111111111111111111111;Empty;RyuJit;Default;X64;8c5e7fda-e8bf-4a96-9a85-a6e23a8c635c;.NET 9.0;False;True;False;True;Default;Default;False;False;False;Default;Default;Default;Default;Default;Default;Default;Default;Default;Default;Default;Default;Default;Default;Default;Default;Default;16;Default;?;?;?;"2,823.8 ns";22.54 ns;21.09 ns;0.67;0.01;0.0381;0.0000;600 B;0.19
MultipartBenchmarks;SendMediaGroupByFileId10;DefaultJob;False;Default;Default;Default;Default;Default;Default;111111111111111111111111;Empty;RyuJit;Default;X64;8c5e7fda-e8bf-4a96-9a85-a6e23a8c635c;.NET 9.0;False;True;False;True;Default;Default;False;False;False;Default;Default;Default;Default;Default;Default;Default;Default;Default;Default;Default;Default;Default;Default;Default;Default;Default;16;Default;?;?;?;"28,002.1 ns";140.35 ns;131.29 ns;6.63;0.11;1.1597;0.0000;18200 B;5.63
SerializationBenchmarks;DeserializeMessage;DefaultJob;False;Default;Default;Default;Default;Default;Default;111111111111111111111111;Empty;RyuJit;Default;X64;8c5e7fda-e8bf-4a96-9a85-a6e23a8c635c;.NET 9.0;False;True;False;True;Default;Default;False;False;False;Default;Default;Default;Default;Default;Default;Default;Default;Default;Default;Default;Default;Default;Default;Default;Default;Default;16;Default;?;?;?;"1,215.9 ns";9.37 ns;8.30 ns;0.29;0.01;0.1087;0.0000;1720 B;0.53
MultipartBenchmarks;SendMediaGroupByLocalFile10;DefaultJob;False;Default;Default;Default;Default;Default;Default;111111111111111111111111;Empty;RyuJit;Default;X64;8c5e7fda-e8bf-4a96-9a85-a6e23a8c635c;.NET 9.0;False;True;False;True;Default;Default;False;False;False;Default;Default;Default;Default;Default;Default;Default;Default;Default;Default;Default;Default;Default;Default;Default;Default;Default;16;Default;?;?;?;"2,071,362.6 ns";"12,898.48 ns";"11,434.17 ns";490.17;8.55;0.0000;0.0000;28489 B;8.81
SerializationBenchmarks;SerializeRichText;DefaultJob;False;Default;Default;Default;Default;Default;Default;111111111111111111111111;Empty;RyuJit;Default;X64;8c5e7fda-e8bf-4a96-9a85-a6e23a8c635c;.NET 9.0;False;True;False;True;Default;Default;False;False;False;Default;Default;Default;Default;Default;Default;Default;Default;Default;Default;Default;Default;Default;Default;Default;Default;Default;16;Default;?;?;?;524.5 ns;2.00 ns;1.78 ns;0.12;0.00;0.0095;0.0000;160 B;0.05
MultipartBenchmarks;SendPollWithNestedLocalFiles;DefaultJob;False;Default;Default;Default;Default;Default;Default;111111111111111111111111;Empty;RyuJit;Default;X64;8c5e7fda-e8bf-4a96-9a85-a6e23a8c635c;.NET 9.0;False;True;False;True;Default;Default;False;False;False;Default;Default;Default;Default;Default;Default;Default;Default;Default;Default;Default;Default;Default;Default;Default;Default;Default;16;Default;?;?;?;"463,882.6 ns";"5,008.08 ns";"4,181.97 ns";109.77;2.06;0.0000;0.0000;11568 B;3.58
SerializationBenchmarks;DeserializeRichText;DefaultJob;False;Default;Default;Default;Default;Default;Default;111111111111111111111111;Empty;RyuJit;Default;X64;8c5e7fda-e8bf-4a96-9a85-a6e23a8c635c;.NET 9.0;False;True;False;True;Default;Default;False;False;False;Default;Default;Default;Default;Default;Default;Default;Default;Default;Default;Default;Default;Default;Default;Default;Default;Default;16;Default;?;?;?;"3,272.1 ns";21.88 ns;17.08 ns;0.77;0.01;0.0267;0.0000;464 B;0.14
MultipartBenchmarks;SendRichMessageWithNestedLocalFiles;DefaultJob;False;Default;Default;Default;Default;Default;Default;111111111111111111111111;Empty;RyuJit;Default;X64;8c5e7fda-e8bf-4a96-9a85-a6e23a8c635c;.NET 9.0;False;True;False;True;Default;Default;False;False;False;Default;Default;Default;Default;Default;Default;Default;Default;Default;Default;Default;Default;Default;Default;Default;Default;Default;16;Default;?;?;?;"464,030.8 ns";"6,560.77 ns";"7,555.39 ns";109.81;2.52;0.0000;0.0000;11704 B;3.62
SerializationBenchmarks;SerializeRichMessage;DefaultJob;False;Default;Default;Default;Default;Default;Default;111111111111111111111111;Empty;RyuJit;Default;X64;8c5e7fda-e8bf-4a96-9a85-a6e23a8c635c;.NET 9.0;False;True;False;True;Default;Default;False;False;False;Default;Default;Default;Default;Default;Default;Default;Default;Default;Default;Default;Default;Default;Default;Default;Default;Default;16;Default;?;?;?;"4,743.6 ns";15.68 ns;14.66 ns;1.12;0.02;0.1297;0.0000;2056 B;0.64
SerializationBenchmarks;DeserializeRichMessage;DefaultJob;False;Default;Default;Default;Default;Default;Default;111111111111111111111111;Empty;RyuJit;Default;X64;8c5e7fda-e8bf-4a96-9a85-a6e23a8c635c;.NET 9.0;False;True;False;True;Default;Default;False;False;False;Default;Default;Default;Default;Default;Default;Default;Default;Default;Default;Default;Default;Default;Default;Default;Default;Default;16;Default;?;?;?;"21,011.3 ns";376.60 ns;448.31 ns;4.97;0.13;0.2747;0.0000;4392 B;1.36
RichMessageComplexityBenchmarks;Serialize;DefaultJob;False;Default;Default;Default;Default;Default;Default;111111111111111111111111;Empty;RyuJit;Default;X64;8c5e7fda-e8bf-4a96-9a85-a6e23a8c635c;.NET 9.0;False;True;False;True;Default;Default;False;False;False;Default;Default;Default;Default;Default;Default;Default;Default;Default;Default;Default;Default;Default;Default;Default;Default;Default;16;Default;1;?;?;"1,089.4 ns";4.60 ns;3.84 ns;?;?;0.0401;0.0000;632 B;?
RichMessageComplexityBenchmarks;Deserialize;DefaultJob;False;Default;Default;Default;Default;Default;Default;111111111111111111111111;Empty;RyuJit;Default;X64;8c5e7fda-e8bf-4a96-9a85-a6e23a8c635c;.NET 9.0;False;True;False;True;Default;Default;False;False;False;Default;Default;Default;Default;Default;Default;Default;Default;Default;Default;Default;Default;Default;Default;Default;Default;Default;16;Default;1;?;?;"6,153.7 ns";46.47 ns;41.20 ns;?;?;0.0839;0.0000;1328 B;?
RichMessageComplexityBenchmarks;Serialize;DefaultJob;False;Default;Default;Default;Default;Default;Default;111111111111111111111111;Empty;RyuJit;Default;X64;8c5e7fda-e8bf-4a96-9a85-a6e23a8c635c;.NET 9.0;False;True;False;True;Default;Default;False;False;False;Default;Default;Default;Default;Default;Default;Default;Default;Default;Default;Default;Default;Default;Default;Default;Default;Default;16;Default;5;?;?;"3,482.4 ns";40.97 ns;36.32 ns;?;?;0.0877;0.0000;1432 B;?
RichMessageComplexityBenchmarks;Deserialize;DefaultJob;False;Default;Default;Default;Default;Default;Default;111111111111111111111111;Empty;RyuJit;Default;X64;8c5e7fda-e8bf-4a96-9a85-a6e23a8c635c;.NET 9.0;False;True;False;True;Default;Default;False;False;False;Default;Default;Default;Default;Default;Default;Default;Default;Default;Default;Default;Default;Default;Default;Default;Default;Default;16;Default;5;?;?;"27,481.4 ns";148.75 ns;139.14 ns;?;?;0.2441;0.0000;4104 B;?
RichMessageComplexityBenchmarks;Serialize;DefaultJob;False;Default;Default;Default;Default;Default;Default;111111111111111111111111;Empty;RyuJit;Default;X64;8c5e7fda-e8bf-4a96-9a85-a6e23a8c635c;.NET 9.0;False;True;False;True;Default;Default;False;False;False;Default;Default;Default;Default;Default;Default;Default;Default;Default;Default;Default;Default;Default;Default;Default;Default;Default;16;Default;10;?;?;"6,606.6 ns";111.81 ns;99.12 ns;?;?;0.1526;0.0000;2432 B;?
RichMessageComplexityBenchmarks;Deserialize;DefaultJob;False;Default;Default;Default;Default;Default;Default;111111111111111111111111;Empty;RyuJit;Default;X64;8c5e7fda-e8bf-4a96-9a85-a6e23a8c635c;.NET 9.0;False;True;False;True;Default;Default;False;False;False;Default;Default;Default;Default;Default;Default;Default;Default;Default;Default;Default;Default;Default;Default;Default;Default;Default;16;Default;10;?;?;"55,400.0 ns";"1,078.39 ns";"1,402.21 ns";?;?;0.4272;0.0000;7616 B;?
RichMessageComplexityBenchmarks;Serialize;DefaultJob;False;Default;Default;Default;Default;Default;Default;111111111111111111111111;Empty;RyuJit;Default;X64;8c5e7fda-e8bf-4a96-9a85-a6e23a8c635c;.NET 9.0;False;True;False;True;Default;Default;False;False;False;Default;Default;Default;Default;Default;Default;Default;Default;Default;Default;Default;Default;Default;Default;Default;Default;Default;16;Default;50;?;?;"30,650.8 ns";277.46 ns;245.96 ns;?;?;0.6104;0.0000;10513 B;?
RichMessageComplexityBenchmarks;Deserialize;DefaultJob;False;Default;Default;Default;Default;Default;Default;111111111111111111111111;Empty;RyuJit;Default;X64;8c5e7fda-e8bf-4a96-9a85-a6e23a8c635c;.NET 9.0;False;True;False;True;Default;Default;False;False;False;Default;Default;Default;Default;Default;Default;Default;Default;Default;Default;Default;Default;Default;Default;Default;Default;Default;16;Default;50;?;?;"269,347.0 ns";808.71 ns;756.47 ns;?;?;1.9531;0.0000;35641 B;?
MultipartDiagnosticStreamBenchmarks;WriteFileStreams;DefaultJob;False;Default;Default;Default;Default;Default;Default;111111111111111111111111;Empty;RyuJit;Default;X64;8c5e7fda-e8bf-4a96-9a85-a6e23a8c635c;.NET 9.0;False;True;False;True;Default;Default;False;False;False;Default;Default;Default;Default;Default;Default;Default;Default;Default;Default;Default;Default;Default;Default;Default;Default;Default;16;Default;?;256;1;"272,104.8 ns";"5,306.61 ns";"6,317.14 ns";1.001;0.03;0.0000;0.0000;3685 B;1.00
MultipartDiagnosticStreamBenchmarks;WritePreloadedMemoryStreams;DefaultJob;False;Default;Default;Default;Default;Default;Default;111111111111111111111111;Empty;RyuJit;Default;X64;8c5e7fda-e8bf-4a96-9a85-a6e23a8c635c;.NET 9.0;False;True;False;True;Default;Default;False;False;False;Default;Default;Default;Default;Default;Default;Default;Default;Default;Default;Default;Default;Default;Default;Default;Default;Default;16;Default;?;256;1;"1,687.7 ns";18.62 ns;17.42 ns;0.006;0.00;0.1488;0.0000;2360 B;0.64
MultipartDiagnosticStreamBenchmarks;WriteFileStreams;DefaultJob;False;Default;Default;Default;Default;Default;Default;111111111111111111111111;Empty;RyuJit;Default;X64;8c5e7fda-e8bf-4a96-9a85-a6e23a8c635c;.NET 9.0;False;True;False;True;Default;Default;False;False;False;Default;Default;Default;Default;Default;Default;Default;Default;Default;Default;Default;Default;Default;Default;Default;Default;Default;16;Default;?;256;10;"2,355,176.7 ns";"46,551.68 ns";"66,763.03 ns";1.001;0.04;0.0000;0.0000;18068 B;1.00
MultipartDiagnosticStreamBenchmarks;WritePreloadedMemoryStreams;DefaultJob;False;Default;Default;Default;Default;Default;Default;111111111111111111111111;Empty;RyuJit;Default;X64;8c5e7fda-e8bf-4a96-9a85-a6e23a8c635c;.NET 9.0;False;True;False;True;Default;Default;False;False;False;Default;Default;Default;Default;Default;Default;Default;Default;Default;Default;Default;Default;Default;Default;Default;Default;Default;16;Default;?;256;10;"10,250.0 ns";55.47 ns;46.32 ns;0.004;0.00;0.6714;0.0000;10736 B;0.59
MultipartDiagnosticFileBenchmarks;OpenLocalFile;DefaultJob;False;Default;Default;Default;Default;Default;Default;111111111111111111111111;Empty;RyuJit;Default;X64;8c5e7fda-e8bf-4a96-9a85-a6e23a8c635c;.NET 9.0;False;True;False;True;Default;Default;False;False;False;Default;Default;Default;Default;Default;Default;Default;Default;Default;Default;Default;Default;Default;Default;Default;Default;Default;16;Default;?;256;?;"196,047.1 ns";"1,144.45 ns";"1,070.52 ns";46.31;0.38;0.0000;0.0000;240 B;0.07
MultipartDiagnosticPipelineBenchmarks;PrepareScalar;DefaultJob;False;Default;Default;Default;Default;Default;Default;111111111111111111111111;Empty;RyuJit;Default;X64;8c5e7fda-e8bf-4a96-9a85-a6e23a8c635c;.NET 9.0;False;True;False;True;Default;Default;False;False;False;Default;Default;Default;Default;Default;Default;Default;Default;Default;Default;Default;Default;Default;Default;Default;Default;Default;16;Default;?;256;?;"4,233.2 ns";28.95 ns;27.08 ns;1.00;0.01;0.2060;0.0000;3232 B;1.00
MultipartDiagnosticPipelineBenchmarks;WriteScalar;DefaultJob;False;Default;Default;Default;Default;Default;Default;111111111111111111111111;Empty;RyuJit;Default;X64;8c5e7fda-e8bf-4a96-9a85-a6e23a8c635c;.NET 9.0;False;True;False;True;Default;Default;False;False;False;Default;Default;Default;Default;Default;Default;Default;Default;Default;Default;Default;Default;Default;Default;Default;Default;Default;16;Default;?;256;?;"5,977.7 ns";39.81 ns;37.24 ns;1.41;0.01;0.2518;0.0000;4064 B;1.26
MultipartDiagnosticPipelineBenchmarks;PrepareSingleFile;DefaultJob;False;Default;Default;Default;Default;Default;Default;111111111111111111111111;Empty;RyuJit;Default;X64;8c5e7fda-e8bf-4a96-9a85-a6e23a8c635c;.NET 9.0;False;True;False;True;Default;Default;False;False;False;Default;Default;Default;Default;Default;Default;Default;Default;Default;Default;Default;Default;Default;Default;Default;Default;Default;16;Default;?;256;?;"231,463.7 ns";"2,556.57 ns";"2,391.42 ns";54.68;0.64;0.0000;0.0000;3768 B;1.17
MultipartDiagnosticPipelineBenchmarks;WriteSingleFile;DefaultJob;False;Default;Default;Default;Default;Default;Default;111111111111111111111111;Empty;RyuJit;Default;X64;8c5e7fda-e8bf-4a96-9a85-a6e23a8c635c;.NET 9.0;False;True;False;True;Default;Default;False;False;False;Default;Default;Default;Default;Default;Default;Default;Default;Default;Default;Default;Default;Default;Default;Default;Default;Default;16;Default;?;256;?;"385,334.3 ns";"7,671.80 ns";"8,527.18 ns";91.03;2.04;0.0000;0.0000;6824 B;2.11
MultipartDiagnosticPipelineBenchmarks;PrepareSingleMemoryFile;DefaultJob;False;Default;Default;Default;Default;Default;Default;111111111111111111111111;Empty;RyuJit;Default;X64;8c5e7fda-e8bf-4a96-9a85-a6e23a8c635c;.NET 9.0;False;True;False;True;Default;Default;False;False;False;Default;Default;Default;Default;Default;Default;Default;Default;Default;Default;Default;Default;Default;Default;Default;Default;Default;16;Default;?;256;?;"4,939.1 ns";59.33 ns;55.50 ns;1.17;0.01;0.2136;0.0000;3456 B;1.07
MultipartDiagnosticPipelineBenchmarks;WriteSingleMemoryFile;DefaultJob;False;Default;Default;Default;Default;Default;Default;111111111111111111111111;Empty;RyuJit;Default;X64;8c5e7fda-e8bf-4a96-9a85-a6e23a8c635c;.NET 9.0;False;True;False;True;Default;Default;False;False;False;Default;Default;Default;Default;Default;Default;Default;Default;Default;Default;Default;Default;Default;Default;Default;Default;Default;16;Default;?;256;?;"6,842.6 ns";69.92 ns;65.40 ns;1.62;0.02;0.2747;0.0000;4416 B;1.37
MultipartDiagnosticPipelineBenchmarks;PrepareMediaGroup10;DefaultJob;False;Default;Default;Default;Default;Default;Default;111111111111111111111111;Empty;RyuJit;Default;X64;8c5e7fda-e8bf-4a96-9a85-a6e23a8c635c;.NET 9.0;False;True;False;True;Default;Default;False;False;False;Default;Default;Default;Default;Default;Default;Default;Default;Default;Default;Default;Default;Default;Default;Default;Default;Default;16;Default;?;256;?;"2,136,757.4 ns";"28,206.53 ns";"26,384.41 ns";504.78;6.80;0.0000;0.0000;28489 B;8.81
MultipartDiagnosticPipelineBenchmarks;WriteMediaGroup10;DefaultJob;False;Default;Default;Default;Default;Default;Default;111111111111111111111111;Empty;RyuJit;Default;X64;8c5e7fda-e8bf-4a96-9a85-a6e23a8c635c;.NET 9.0;False;True;False;True;Default;Default;False;False;False;Default;Default;Default;Default;Default;Default;Default;Default;Default;Default;Default;Default;Default;Default;Default;Default;Default;16;Default;?;256;?;"2,810,290.4 ns";"33,168.14 ns";"31,025.50 ns";663.89;8.20;0.0000;0.0000;43568 B;13.48
MultipartDiagnosticPipelineBenchmarks;PrepareMemoryMediaGroup10;DefaultJob;False;Default;Default;Default;Default;Default;Default;111111111111111111111111;Empty;RyuJit;Default;X64;8c5e7fda-e8bf-4a96-9a85-a6e23a8c635c;.NET 9.0;False;True;False;True;Default;Default;False;False;False;Default;Default;Default;Default;Default;Default;Default;Default;Default;Default;Default;Default;Default;Default;Default;Default;Default;16;Default;?;256;?;"35,347.1 ns";97.65 ns;86.57 ns;8.35;0.06;1.5869;0.0610;25288 B;7.82
MultipartDiagnosticPipelineBenchmarks;WriteMemoryMediaGroup10;DefaultJob;False;Default;Default;Default;Default;Default;Default;111111111111111111111111;Empty;RyuJit;Default;X64;8c5e7fda-e8bf-4a96-9a85-a6e23a8c635c;.NET 9.0;False;True;False;True;Default;Default;False;False;False;Default;Default;Default;Default;Default;Default;Default;Default;Default;Default;Default;Default;Default;Default;Default;Default;Default;16;Default;?;256;?;"41,150.5 ns";765.27 ns;678.40 ns;9.72;0.17;1.7700;0.0610;27880 B;8.63
MultipartDiagnosticPipelineBenchmarks;PrepareNestedPoll2;DefaultJob;False;Default;Default;Default;Default;Default;Default;111111111111111111111111;Empty;RyuJit;Default;X64;8c5e7fda-e8bf-4a96-9a85-a6e23a8c635c;.NET 9.0;False;True;False;True;Default;Default;False;False;False;Default;Default;Default;Default;Default;Default;Default;Default;Default;Default;Default;Default;Default;Default;Default;Default;Default;16;Default;?;256;?;"468,211.4 ns";"5,899.90 ns";"5,518.77 ns";110.61;1.44;0.0000;0.0000;11576 B;3.58
MultipartDiagnosticPipelineBenchmarks;WriteNestedPoll2;DefaultJob;False;Default;Default;Default;Default;Default;Default;111111111111111111111111;Empty;RyuJit;Default;X64;8c5e7fda-e8bf-4a96-9a85-a6e23a8c635c;.NET 9.0;False;True;False;True;Default;Default;False;False;False;Default;Default;Default;Default;Default;Default;Default;Default;Default;Default;Default;Default;Default;Default;Default;Default;Default;16;Default;?;256;?;"712,117.0 ns";"5,041.16 ns";"4,468.85 ns";168.23;1.46;0.9766;0.0000;16256 B;5.03
MultipartDiagnosticPipelineBenchmarks;PrepareMemoryNestedPoll2;DefaultJob;False;Default;Default;Default;Default;Default;Default;111111111111111111111111;Empty;RyuJit;Default;X64;8c5e7fda-e8bf-4a96-9a85-a6e23a8c635c;.NET 9.0;False;True;False;True;Default;Default;False;False;False;Default;Default;Default;Default;Default;Default;Default;Default;Default;Default;Default;Default;Default;Default;Default;Default;Default;16;Default;?;256;?;"19,034.2 ns";147.82 ns;138.28 ns;4.50;0.04;0.6714;0.0000;10952 B;3.39
MultipartDiagnosticPipelineBenchmarks;WriteMemoryNestedPoll2;DefaultJob;False;Default;Default;Default;Default;Default;Default;111111111111111111111111;Empty;RyuJit;Default;X64;8c5e7fda-e8bf-4a96-9a85-a6e23a8c635c;.NET 9.0;False;True;False;True;Default;Default;False;False;False;Default;Default;Default;Default;Default;Default;Default;Default;Default;Default;Default;Default;Default;Default;Default;Default;Default;16;Default;?;256;?;"24,191.9 ns";322.42 ns;301.59 ns;5.71;0.08;0.7629;0.0000;12400 B;3.84
MultipartDiagnosticStreamBenchmarks;WriteFileStreams;DefaultJob;False;Default;Default;Default;Default;Default;Default;111111111111111111111111;Empty;RyuJit;Default;X64;8c5e7fda-e8bf-4a96-9a85-a6e23a8c635c;.NET 9.0;False;True;False;True;Default;Default;False;False;False;Default;Default;Default;Default;Default;Default;Default;Default;Default;Default;Default;Default;Default;Default;Default;Default;Default;16;Default;?;65536;1;"286,273.9 ns";"5,043.81 ns";"4,717.99 ns";1.000;0.02;0.0000;0.0000;3710 B;1.00
MultipartDiagnosticStreamBenchmarks;WritePreloadedMemoryStreams;DefaultJob;False;Default;Default;Default;Default;Default;Default;111111111111111111111111;Empty;RyuJit;Default;X64;8c5e7fda-e8bf-4a96-9a85-a6e23a8c635c;.NET 9.0;False;True;False;True;Default;Default;False;False;False;Default;Default;Default;Default;Default;Default;Default;Default;Default;Default;Default;Default;Default;Default;Default;Default;Default;16;Default;?;65536;1;"1,677.4 ns";18.73 ns;16.60 ns;0.006;0.00;0.1488;0.0000;2360 B;0.64
MultipartDiagnosticStreamBenchmarks;WriteFileStreams;DefaultJob;False;Default;Default;Default;Default;Default;Default;111111111111111111111111;Empty;RyuJit;Default;X64;8c5e7fda-e8bf-4a96-9a85-a6e23a8c635c;.NET 9.0;False;True;False;True;Default;Default;False;False;False;Default;Default;Default;Default;Default;Default;Default;Default;Default;Default;Default;Default;Default;Default;Default;Default;Default;16;Default;?;65536;10;"2,348,938.3 ns";"10,674.40 ns";"9,984.84 ns";1.000;0.01;0.0000;0.0000;18331 B;1.00
MultipartDiagnosticStreamBenchmarks;WritePreloadedMemoryStreams;DefaultJob;False;Default;Default;Default;Default;Default;Default;111111111111111111111111;Empty;RyuJit;Default;X64;8c5e7fda-e8bf-4a96-9a85-a6e23a8c635c;.NET 9.0;False;True;False;True;Default;Default;False;False;False;Default;Default;Default;Default;Default;Default;Default;Default;Default;Default;Default;Default;Default;Default;Default;Default;Default;16;Default;?;65536;10;"10,377.7 ns";96.81 ns;80.84 ns;0.004;0.00;0.6714;0.0000;10736 B;0.59
MultipartDiagnosticFileBenchmarks;OpenLocalFile;DefaultJob;False;Default;Default;Default;Default;Default;Default;111111111111111111111111;Empty;RyuJit;Default;X64;8c5e7fda-e8bf-4a96-9a85-a6e23a8c635c;.NET 9.0;False;True;False;True;Default;Default;False;False;False;Default;Default;Default;Default;Default;Default;Default;Default;Default;Default;Default;Default;Default;Default;Default;Default;Default;16;Default;?;65536;?;"195,231.8 ns";853.96 ns;798.79 ns;45.96;0.64;0.0000;0.0000;240 B;0.07
MultipartDiagnosticPipelineBenchmarks;PrepareScalar;DefaultJob;False;Default;Default;Default;Default;Default;Default;111111111111111111111111;Empty;RyuJit;Default;X64;8c5e7fda-e8bf-4a96-9a85-a6e23a8c635c;.NET 9.0;False;True;False;True;Default;Default;False;False;False;Default;Default;Default;Default;Default;Default;Default;Default;Default;Default;Default;Default;Default;Default;Default;Default;Default;16;Default;?;65536;?;"4,248.4 ns";63.25 ns;59.16 ns;1.00;0.02;0.2060;0.0000;3232 B;1.00
MultipartDiagnosticPipelineBenchmarks;WriteScalar;DefaultJob;False;Default;Default;Default;Default;Default;Default;111111111111111111111111;Empty;RyuJit;Default;X64;8c5e7fda-e8bf-4a96-9a85-a6e23a8c635c;.NET 9.0;False;True;False;True;Default;Default;False;False;False;Default;Default;Default;Default;Default;Default;Default;Default;Default;Default;Default;Default;Default;Default;Default;Default;Default;16;Default;?;65536;?;"5,696.5 ns";109.71 ns;130.60 ns;1.34;0.03;0.2518;0.0000;4064 B;1.26
MultipartDiagnosticPipelineBenchmarks;PrepareSingleFile;DefaultJob;False;Default;Default;Default;Default;Default;Default;111111111111111111111111;Empty;RyuJit;Default;X64;8c5e7fda-e8bf-4a96-9a85-a6e23a8c635c;.NET 9.0;False;True;False;True;Default;Default;False;False;False;Default;Default;Default;Default;Default;Default;Default;Default;Default;Default;Default;Default;Default;Default;Default;Default;Default;16;Default;?;65536;?;"229,009.9 ns";"3,509.21 ns";"3,282.51 ns";53.91;1.04;0.0000;0.0000;3768 B;1.17
MultipartDiagnosticPipelineBenchmarks;WriteSingleFile;DefaultJob;False;Default;Default;Default;Default;Default;Default;111111111111111111111111;Empty;RyuJit;Default;X64;8c5e7fda-e8bf-4a96-9a85-a6e23a8c635c;.NET 9.0;False;True;False;True;Default;Default;False;False;False;Default;Default;Default;Default;Default;Default;Default;Default;Default;Default;Default;Default;Default;Default;Default;Default;Default;16;Default;?;65536;?;"387,741.0 ns";"7,696.32 ns";"6,822.59 ns";91.28;1.97;0.0000;0.0000;6824 B;2.11
MultipartDiagnosticPipelineBenchmarks;PrepareSingleMemoryFile;DefaultJob;False;Default;Default;Default;Default;Default;Default;111111111111111111111111;Empty;RyuJit;Default;X64;8c5e7fda-e8bf-4a96-9a85-a6e23a8c635c;.NET 9.0;False;True;False;True;Default;Default;False;False;False;Default;Default;Default;Default;Default;Default;Default;Default;Default;Default;Default;Default;Default;Default;Default;Default;Default;16;Default;?;65536;?;"4,685.6 ns";52.62 ns;49.22 ns;1.10;0.02;0.2136;0.0000;3456 B;1.07
MultipartDiagnosticPipelineBenchmarks;WriteSingleMemoryFile;DefaultJob;False;Default;Default;Default;Default;Default;Default;111111111111111111111111;Empty;RyuJit;Default;X64;8c5e7fda-e8bf-4a96-9a85-a6e23a8c635c;.NET 9.0;False;True;False;True;Default;Default;False;False;False;Default;Default;Default;Default;Default;Default;Default;Default;Default;Default;Default;Default;Default;Default;Default;Default;Default;16;Default;?;65536;?;"6,372.4 ns";45.36 ns;42.43 ns;1.50;0.02;0.2747;0.0000;4416 B;1.37
MultipartDiagnosticPipelineBenchmarks;PrepareMediaGroup10;DefaultJob;False;Default;Default;Default;Default;Default;Default;111111111111111111111111;Empty;RyuJit;Default;X64;8c5e7fda-e8bf-4a96-9a85-a6e23a8c635c;.NET 9.0;False;True;False;True;Default;Default;False;False;False;Default;Default;Default;Default;Default;Default;Default;Default;Default;Default;Default;Default;Default;Default;Default;Default;Default;16;Default;?;65536;?;"2,112,686.1 ns";"15,580.66 ns";"14,574.16 ns";497.38;7.41;0.0000;0.0000;28489 B;8.81
MultipartDiagnosticPipelineBenchmarks;WriteMediaGroup10;DefaultJob;False;Default;Default;Default;Default;Default;Default;111111111111111111111111;Empty;RyuJit;Default;X64;8c5e7fda-e8bf-4a96-9a85-a6e23a8c635c;.NET 9.0;False;True;False;True;Default;Default;False;False;False;Default;Default;Default;Default;Default;Default;Default;Default;Default;Default;Default;Default;Default;Default;Default;Default;Default;16;Default;?;65536;?;"2,821,370.1 ns";"22,495.41 ns";"21,042.22 ns";664.22;10.06;0.0000;0.0000;43569 B;13.48
MultipartDiagnosticPipelineBenchmarks;PrepareMemoryMediaGroup10;DefaultJob;False;Default;Default;Default;Default;Default;Default;111111111111111111111111;Empty;RyuJit;Default;X64;8c5e7fda-e8bf-4a96-9a85-a6e23a8c635c;.NET 9.0;False;True;False;True;Default;Default;False;False;False;Default;Default;Default;Default;Default;Default;Default;Default;Default;Default;Default;Default;Default;Default;Default;Default;Default;16;Default;?;65536;?;"34,705.2 ns";183.47 ns;171.62 ns;8.17;0.12;1.5869;0.0610;25288 B;7.82
MultipartDiagnosticPipelineBenchmarks;WriteMemoryMediaGroup10;DefaultJob;False;Default;Default;Default;Default;Default;Default;111111111111111111111111;Empty;RyuJit;Default;X64;8c5e7fda-e8bf-4a96-9a85-a6e23a8c635c;.NET 9.0;False;True;False;True;Default;Default;False;False;False;Default;Default;Default;Default;Default;Default;Default;Default;Default;Default;Default;Default;Default;Default;Default;Default;Default;16;Default;?;65536;?;"41,444.1 ns";296.98 ns;277.79 ns;9.76;0.14;1.7700;0.0610;27880 B;8.63
MultipartDiagnosticPipelineBenchmarks;PrepareNestedPoll2;DefaultJob;False;Default;Default;Default;Default;Default;Default;111111111111111111111111;Empty;RyuJit;Default;X64;8c5e7fda-e8bf-4a96-9a85-a6e23a8c635c;.NET 9.0;False;True;False;True;Default;Default;False;False;False;Default;Default;Default;Default;Default;Default;Default;Default;Default;Default;Default;Default;Default;Default;Default;Default;Default;16;Default;?;65536;?;"464,864.3 ns";"1,812.44 ns";"1,513.47 ns";109.44;1.50;0.0000;0.0000;11576 B;3.58
MultipartDiagnosticPipelineBenchmarks;WriteNestedPoll2;DefaultJob;False;Default;Default;Default;Default;Default;Default;111111111111111111111111;Empty;RyuJit;Default;X64;8c5e7fda-e8bf-4a96-9a85-a6e23a8c635c;.NET 9.0;False;True;False;True;Default;Default;False;False;False;Default;Default;Default;Default;Default;Default;Default;Default;Default;Default;Default;Default;Default;Default;Default;Default;Default;16;Default;?;65536;?;"716,206.8 ns";"12,579.61 ns";"11,766.97 ns";168.61;3.50;0.9766;0.0000;16256 B;5.03
MultipartDiagnosticPipelineBenchmarks;PrepareMemoryNestedPoll2;DefaultJob;False;Default;Default;Default;Default;Default;Default;111111111111111111111111;Empty;RyuJit;Default;X64;8c5e7fda-e8bf-4a96-9a85-a6e23a8c635c;.NET 9.0;False;True;False;True;Default;Default;False;False;False;Default;Default;Default;Default;Default;Default;Default;Default;Default;Default;Default;Default;Default;Default;Default;Default;Default;16;Default;?;65536;?;"19,841.9 ns";132.73 ns;117.66 ns;4.67;0.07;0.6714;0.0000;10952 B;3.39
MultipartDiagnosticPipelineBenchmarks;WriteMemoryNestedPoll2;DefaultJob;False;Default;Default;Default;Default;Default;Default;111111111111111111111111;Empty;RyuJit;Default;X64;8c5e7fda-e8bf-4a96-9a85-a6e23a8c635c;.NET 9.0;False;True;False;True;Default;Default;False;False;False;Default;Default;Default;Default;Default;Default;Default;Default;Default;Default;Default;Default;Default;Default;Default;Default;Default;16;Default;?;65536;?;"24,705.9 ns";214.97 ns;201.09 ns;5.82;0.09;0.7629;0.0000;12400 B;3.84
MultipartDiagnosticStreamBenchmarks;WriteFileStreams;DefaultJob;False;Default;Default;Default;Default;Default;Default;111111111111111111111111;Empty;RyuJit;Default;X64;8c5e7fda-e8bf-4a96-9a85-a6e23a8c635c;.NET 9.0;False;True;False;True;Default;Default;False;False;False;Default;Default;Default;Default;Default;Default;Default;Default;Default;Default;Default;Default;Default;Default;Default;Default;Default;16;Default;?;1048576;1;"419,303.6 ns";"1,644.68 ns";"1,538.44 ns";1.000;0.01;0.0000;0.0000;3995 B;1.00
MultipartDiagnosticStreamBenchmarks;WritePreloadedMemoryStreams;DefaultJob;False;Default;Default;Default;Default;Default;Default;111111111111111111111111;Empty;RyuJit;Default;X64;8c5e7fda-e8bf-4a96-9a85-a6e23a8c635c;.NET 9.0;False;True;False;True;Default;Default;False;False;False;Default;Default;Default;Default;Default;Default;Default;Default;Default;Default;Default;Default;Default;Default;Default;Default;Default;16;Default;?;1048576;1;"1,669.1 ns";7.69 ns;6.42 ns;0.004;0.00;0.1488;0.0000;2360 B;0.59
MultipartDiagnosticStreamBenchmarks;WriteFileStreams;DefaultJob;False;Default;Default;Default;Default;Default;Default;111111111111111111111111;Empty;RyuJit;Default;X64;8c5e7fda-e8bf-4a96-9a85-a6e23a8c635c;.NET 9.0;False;True;False;True;Default;Default;False;False;False;Default;Default;Default;Default;Default;Default;Default;Default;Default;Default;Default;Default;Default;Default;Default;Default;Default;16;Default;?;1048576;10;"3,584,551.5 ns";"16,451.19 ns";"15,388.45 ns";1.000;0.01;0.0000;0.0000;18091 B;1.00
MultipartDiagnosticStreamBenchmarks;WritePreloadedMemoryStreams;DefaultJob;False;Default;Default;Default;Default;Default;Default;111111111111111111111111;Empty;RyuJit;Default;X64;8c5e7fda-e8bf-4a96-9a85-a6e23a8c635c;.NET 9.0;False;True;False;True;Default;Default;False;False;False;Default;Default;Default;Default;Default;Default;Default;Default;Default;Default;Default;Default;Default;Default;Default;Default;Default;16;Default;?;1048576;10;"10,310.2 ns";147.33 ns;123.03 ns;0.003;0.00;0.6714;0.0000;10736 B;0.59
MultipartDiagnosticFileBenchmarks;OpenLocalFile;DefaultJob;False;Default;Default;Default;Default;Default;Default;111111111111111111111111;Empty;RyuJit;Default;X64;8c5e7fda-e8bf-4a96-9a85-a6e23a8c635c;.NET 9.0;False;True;False;True;Default;Default;False;False;False;Default;Default;Default;Default;Default;Default;Default;Default;Default;Default;Default;Default;Default;Default;Default;Default;Default;16;Default;?;1048576;?;"200,026.6 ns";"2,663.24 ns";"2,491.20 ns";48.36;0.68;0.0000;0.0000;240 B;0.07
MultipartDiagnosticPipelineBenchmarks;PrepareScalar;DefaultJob;False;Default;Default;Default;Default;Default;Default;111111111111111111111111;Empty;RyuJit;Default;X64;8c5e7fda-e8bf-4a96-9a85-a6e23a8c635c;.NET 9.0;False;True;False;True;Default;Default;False;False;False;Default;Default;Default;Default;Default;Default;Default;Default;Default;Default;Default;Default;Default;Default;Default;Default;Default;16;Default;?;1048576;?;"4,136.7 ns";32.63 ns;30.52 ns;1.00;0.01;0.2060;0.0000;3232 B;1.00
MultipartDiagnosticPipelineBenchmarks;WriteScalar;DefaultJob;False;Default;Default;Default;Default;Default;Default;111111111111111111111111;Empty;RyuJit;Default;X64;8c5e7fda-e8bf-4a96-9a85-a6e23a8c635c;.NET 9.0;False;True;False;True;Default;Default;False;False;False;Default;Default;Default;Default;Default;Default;Default;Default;Default;Default;Default;Default;Default;Default;Default;Default;Default;16;Default;?;1048576;?;"5,887.0 ns";44.59 ns;41.71 ns;1.42;0.01;0.2518;0.0000;4064 B;1.26
MultipartDiagnosticPipelineBenchmarks;PrepareSingleFile;DefaultJob;False;Default;Default;Default;Default;Default;Default;111111111111111111111111;Empty;RyuJit;Default;X64;8c5e7fda-e8bf-4a96-9a85-a6e23a8c635c;.NET 9.0;False;True;False;True;Default;Default;False;False;False;Default;Default;Default;Default;Default;Default;Default;Default;Default;Default;Default;Default;Default;Default;Default;Default;Default;16;Default;?;1048576;?;"227,648.9 ns";"3,258.78 ns";"2,544.24 ns";55.03;0.71;0.0000;0.0000;3768 B;1.17
MultipartDiagnosticPipelineBenchmarks;WriteSingleFile;DefaultJob;False;Default;Default;Default;Default;Default;Default;111111111111111111111111;Empty;RyuJit;Default;X64;8c5e7fda-e8bf-4a96-9a85-a6e23a8c635c;.NET 9.0;False;True;False;True;Default;Default;False;False;False;Default;Default;Default;Default;Default;Default;Default;Default;Default;Default;Default;Default;Default;Default;Default;Default;Default;16;Default;?;1048576;?;"597,908.7 ns";"10,025.47 ns";"9,377.84 ns";144.55;2.42;0.0000;0.0000;6824 B;2.11
MultipartDiagnosticPipelineBenchmarks;PrepareSingleMemoryFile;DefaultJob;False;Default;Default;Default;Default;Default;Default;111111111111111111111111;Empty;RyuJit;Default;X64;8c5e7fda-e8bf-4a96-9a85-a6e23a8c635c;.NET 9.0;False;True;False;True;Default;Default;False;False;False;Default;Default;Default;Default;Default;Default;Default;Default;Default;Default;Default;Default;Default;Default;Default;Default;Default;16;Default;?;1048576;?;"4,715.0 ns";49.02 ns;45.85 ns;1.14;0.01;0.2136;0.0000;3456 B;1.07
MultipartDiagnosticPipelineBenchmarks;WriteSingleMemoryFile;DefaultJob;False;Default;Default;Default;Default;Default;Default;111111111111111111111111;Empty;RyuJit;Default;X64;8c5e7fda-e8bf-4a96-9a85-a6e23a8c635c;.NET 9.0;False;True;False;True;Default;Default;False;False;False;Default;Default;Default;Default;Default;Default;Default;Default;Default;Default;Default;Default;Default;Default;Default;Default;Default;16;Default;?;1048576;?;"6,544.6 ns";41.44 ns;38.76 ns;1.58;0.01;0.2747;0.0000;4416 B;1.37
MultipartDiagnosticPipelineBenchmarks;PrepareMediaGroup10;DefaultJob;False;Default;Default;Default;Default;Default;Default;111111111111111111111111;Empty;RyuJit;Default;X64;8c5e7fda-e8bf-4a96-9a85-a6e23a8c635c;.NET 9.0;False;True;False;True;Default;Default;False;False;False;Default;Default;Default;Default;Default;Default;Default;Default;Default;Default;Default;Default;Default;Default;Default;Default;Default;16;Default;?;1048576;?;"2,086,958.8 ns";"17,398.37 ns";"16,274.44 ns";504.53;5.24;0.0000;0.0000;28489 B;8.81
MultipartDiagnosticPipelineBenchmarks;WriteMediaGroup10;DefaultJob;False;Default;Default;Default;Default;Default;Default;111111111111111111111111;Empty;RyuJit;Default;X64;8c5e7fda-e8bf-4a96-9a85-a6e23a8c635c;.NET 9.0;False;True;False;True;Default;Default;False;False;False;Default;Default;Default;Default;Default;Default;Default;Default;Default;Default;Default;Default;Default;Default;Default;Default;Default;16;Default;?;1048576;?;"5,090,293.8 ns";"24,565.73 ns";"22,978.80 ns";"1,230.59";10.28;0.0000;0.0000;43570 B;13.48
MultipartDiagnosticPipelineBenchmarks;PrepareMemoryMediaGroup10;DefaultJob;False;Default;Default;Default;Default;Default;Default;111111111111111111111111;Empty;RyuJit;Default;X64;8c5e7fda-e8bf-4a96-9a85-a6e23a8c635c;.NET 9.0;False;True;False;True;Default;Default;False;False;False;Default;Default;Default;Default;Default;Default;Default;Default;Default;Default;Default;Default;Default;Default;Default;Default;Default;16;Default;?;1048576;?;"34,658.2 ns";375.26 ns;351.02 ns;8.38;0.10;1.5869;0.0610;25288 B;7.82
MultipartDiagnosticPipelineBenchmarks;WriteMemoryMediaGroup10;DefaultJob;False;Default;Default;Default;Default;Default;Default;111111111111111111111111;Empty;RyuJit;Default;X64;8c5e7fda-e8bf-4a96-9a85-a6e23a8c635c;.NET 9.0;False;True;False;True;Default;Default;False;False;False;Default;Default;Default;Default;Default;Default;Default;Default;Default;Default;Default;Default;Default;Default;Default;Default;Default;16;Default;?;1048576;?;"40,834.0 ns";215.96 ns;202.01 ns;9.87;0.08;1.7700;0.0610;27880 B;8.63
MultipartDiagnosticPipelineBenchmarks;PrepareNestedPoll2;DefaultJob;False;Default;Default;Default;Default;Default;Default;111111111111111111111111;Empty;RyuJit;Default;X64;8c5e7fda-e8bf-4a96-9a85-a6e23a8c635c;.NET 9.0;False;True;False;True;Default;Default;False;False;False;Default;Default;Default;Default;Default;Default;Default;Default;Default;Default;Default;Default;Default;Default;Default;Default;Default;16;Default;?;1048576;?;"459,476.9 ns";"3,947.25 ns";"3,499.14 ns";111.08;1.14;0.0000;0.0000;11576 B;3.58
MultipartDiagnosticPipelineBenchmarks;WriteNestedPoll2;DefaultJob;False;Default;Default;Default;Default;Default;Default;111111111111111111111111;Empty;RyuJit;Default;X64;8c5e7fda-e8bf-4a96-9a85-a6e23a8c635c;.NET 9.0;False;True;False;True;Default;Default;False;False;False;Default;Default;Default;Default;Default;Default;Default;Default;Default;Default;Default;Default;Default;Default;Default;Default;Default;16;Default;?;1048576;?;"1,177,690.1 ns";"11,028.01 ns";"9,776.04 ns";284.71;3.05;0.0000;0.0000;16256 B;5.03
MultipartDiagnosticPipelineBenchmarks;PrepareMemoryNestedPoll2;DefaultJob;False;Default;Default;Default;Default;Default;Default;111111111111111111111111;Empty;RyuJit;Default;X64;8c5e7fda-e8bf-4a96-9a85-a6e23a8c635c;.NET 9.0;False;True;False;True;Default;Default;False;False;False;Default;Default;Default;Default;Default;Default;Default;Default;Default;Default;Default;Default;Default;Default;Default;Default;Default;16;Default;?;1048576;?;"18,880.4 ns";162.42 ns;143.98 ns;4.56;0.05;0.6714;0.0000;10952 B;3.39
MultipartDiagnosticPipelineBenchmarks;WriteMemoryNestedPoll2;DefaultJob;False;Default;Default;Default;Default;Default;Default;111111111111111111111111;Empty;RyuJit;Default;X64;8c5e7fda-e8bf-4a96-9a85-a6e23a8c635c;.NET 9.0;False;True;False;True;Default;Default;False;False;False;Default;Default;Default;Default;Default;Default;Default;Default;Default;Default;Default;Default;Default;Default;Default;Default;Default;16;Default;?;1048576;?;"24,733.3 ns";487.52 ns;633.91 ns;5.98;0.16;0.7324;0.0000;12400 B;3.84
